"California State University, Bakersfield",
"California State University, Channel Islands",
"California State University, Chico",
"California State University, Dominguez Hills",
"California State University, East Bay",
"California State University, Fresno",
"California State University, Fullerton",
"California State University, Long Beach",
"California State University, Monterey Bay",
"California State University, Northridge",
"California State University, Sacramento",
"California State University, San Bernardino",
"California State University, San Marcos",
"California State University, Stanislaus",
"Minnesota State University, Mankato",
"Queens College, CUNY",
"Queensborough Community College, CUNY",
"Rutgers, The State University of New Jersey",
"St. Mary's University, Texas",
"The Graduate Center, CUNY",
"University at Albany, State University of New York",
"University at Buffalo, State University of New York",
"University of California, Berkeley",
"University of California, Davis",
"University of California, Irvine",
"University of California, Los Angeles",
"University of California, Merced",
"University of California, Riverside",
"University of California, San Diego",
"University of California, San Francisco",
"University of California, Santa Barbara",
"University of California, Santa Cruz",
"University of Maryland, Baltimore County",
"University of Maryland, Baltimore",
"University of Maryland, College Park",
"University of Nevada, Las Vegas",
"University of Nevada, Reno",
"University of Puerto Rico, Medical Sciences Campus",
"York College, City University of New York",
Aaniiih Nakoda College,
Abilene Christian University,
Adams State University,
Adelphi University,
Adrian College,
AdventHealth Orlando,
Aiken Technical College,
Alabama Agricultural and Mechanical University,
Alabama State University,
Alaska Pacific University,
Albany State University,
Albany Technical College,
Albert Einstein College of Medicine,
Albertus Magnus College,
Alcorn State University,
Alfred State College,
Allan Hancock College,
Allegheny College,
Allen University,
Alliance University,
Alliant International University,
Alma College,
Alverno College,
Alvin Community College,
Amarillo College,
American Baptist College,
American College of Financial Services,
American InterContinental University,
American International College,
American Jewish University,
American River College,
American Samoa Community College,
American University,
American University of Puerto Rico,
Amherst College,
Ana G. Mendez University System,
Anabaptist Mennonite Biblical Seminary,
Andover Newton Theological School,
Andrews University,
Angelina College,
Angelo State University,
Anne Arundel Community College,
Antelope Valley College,
Antillean Adventist University,
Antioch University New England,
Antioch University Santa Barbara,
Antioch University Seattle,
Appalachian State University,
Arizona Christian University,
Arizona State University,
Arizona Western College,
Arkansas Baptist College,
Arkansas State University,
Arlington Baptist College,
ArtCenter College of Design,
Ashland University,
Atlanta Metropolitan State College,
Atlanta Technical College,
Atlantic Cape Community College,
Atlantic University College,
Auburn University,
Auburn University at Montgomery,
Augsburg University,
Augusta Technical College,
Augusta University,
Augustana University,
Aurora University,
Austin College,
Austin Community College,
Austin Peay State University,
Austin Presbyterian Theological Seminary,
Ave Maria School of Law,
Ave Maria University,
Avila University,
Azusa Pacific University,
Bacone College,
Baker College,
Bakersfield College,
Baldwin–Wallace College,
Ball State University,
Bank Street College of Education,
Baptist College of Health Sciences,
Bard College at Simon's Rock,
Barry University,
Barstow Community College,
Barton College,
Baruch College,
Bastyr University,
Baton Rouge Community College,
Bay Mills Community College,
Bay Path University,
Baylor College of Medicine,
Baylor University,
Beijing Normal University - Hong Kong Baptist University United International College,
Belhaven University,
Bellevue College,
Belmont Abbey College,
Benedict College,
Benedictine College,
Benedictine University,
Benjamin Franklin Institute of Technology,
Bennett College,
Bentley University,
Bergen Community College,
Berkeley City College,
Berkeley College,
Berklee College of Music,
Berry College,
Bethany College - West Virginia,
Bethel College - Kansas,
Bethune-Cookman University,
Beulah Heights University,
Biblical Theological Seminary,
Big Bend Community College,
Binghamton University,
Biola University,
Bishop State Community College,
Black Hawk College,
Blackfeet Community College,
Bloomfield College,
Bloomsburg University,
Blue Mountain Community College,
Bluefield State College,
Bluffton University,
Bob Jones University,
Boise State University,
Boricua College,
Borough of Manhattan Community College,
Bossier Parish Community College,
Boston Architectural College,
Boston College,
Boston Graduate School of Psychoanalysis,
Boston University,
Bowdoin College,
Bowie State University,
Bowling Green State University,
Brandeis University,
Brazosport College,
Brevard College,
Briar Cliff University,
Bridgewater State University,
Brigham Young University,
Brigham Young University–Hawaii,
Brightpoint Community College,
Bronx Community College,
Brookdale Community College,
Brooklyn College,
Brooklyn Law School,
Broward College,
Brown University,
Bryant & Stratton College,
Bryant University,
Bryn Mawr College,
Bucknell University,
Bucks County Community College,
Buena Vista University,
Buffalo State University,
Bunker Hill Community College,
Butler Community College,
Butler University,
Butte College,
Cabrillo College,
Cabrini University,
Cairn University,
Caldwell University,
Calhoun Community College,
California Baptist University,
California Institute of Technology,
California Institute of the Arts,
California Lutheran University,
California Polytechnic State University,
California State Polytechnic University,
California State University Los Angeles,
California Western School of Law,
Calumet College of Saint Joseph,
Calvin Theological Seminary,
Calvin University,
Cambridge College,
Camden County College,
Cameron University,
Campbell University,
Cankdeska Cikana Community College,
Capella University,
Capital Community College,
Capital University,
Caribbean University,
Carl Albert State College,
Carleton College,
Carlos Albizu University,
Carlow University,
Carnegie Mellon University,
Carthage College,
Case Western Reserve University,
Castleton University,
Catholic Theological Union,
Cazenovia College,
Cañada College,
Cedar Crest College,
Cedarville University,
Central Arizona College,
Central Carolina Technical College,
Central Christian College of Kansas,
Central Connecticut State University,
Central Methodist University,
Central Michigan University,
Central New Mexico Community College,
Central Oregon Community College,
Central Piedmont Community College,
Central State University,
Central Texas College,
Central University of the Caribbean,
Central Wyoming College,
Centre College,
Century College,
Cerritos College,
Cerro Coso Community College,
Chabot College,
Chaffey College,
Chaminade University of Honolulu,
Champlain College,
Chandler–Gilbert Community College,
Chapman University,
Charles R Drew University of Medicine and Science,
Charleston Southern University,
Charter Oak State College,
Chattahoochee Valley Community College,
Chemeketa Community College,
Chestnut Hill College,
Cheyney University of Pennsylvania,
Chicago State University,
Chicago Theological Seminary,
Chief Dull Knife College,
Christian Brothers University,
Christopher Newport University,
Church Divinity School of the Pacific,
Citrus College,
City College of New York,
City College of San Francisco,
City Colleges of Chicago,
Claflin University,
Claremont Graduate University,
Claremont McKenna College,
Clarion University,
Clark Atlanta University,
Clark College,
Clark University,
Clarke University,
Clarkson College,
Clarkson University,
Clayton State University,
Clemson University,
Cleveland State University,
Clinton College,
Clinton Community College,
Clovis Community College,
Coahoma Community College,
Coastal Bend College,
Coastline Community College,
Cochise College,
Coconino Community College Foundation,
Coe College,
Coker College,
Colegio Universitario de San Juan,
Colgate Rochester Crozer Divinity School,
College of Alameda,
College of Lake County,
College of Menominee Nation,
College of Micronesia-FSM,
College of Mount Saint Vincent,
College of Saint Elizabeth,
College of Saint Rose,
College of San Mateo,
College of Southern Idaho,
College of Southern Nevada,
College of St. Scholastica,
College of Staten Island,
College of Wooster,
College of the Atlantic,
College of the Canyons,
College of the Desert,
College of the Holy Cross,
College of the Mainland,
College of the Muscogee Nation,
College of the Ozarks,
College of the Redwoods,
College of the Sequoias,
Colorado Christian University,
Colorado College,
Colorado Mesa University,
Colorado Mountain College,
Colorado School of Mines,
Colorado State University,
Colorado State University Pueblo,
Columbia Basin College,
Columbia College - South Carolina,
Columbia College Chicago,
Columbia University,
Columbus State Community College,
Columbus State University,
Columbus Technical College,
Community Care College,
Community College of Allegheny County,
Community College of Aurora,
Community College of Denver,
Community College of Philadelphia,
Community College of Rhode Island,
Compton Community College District,
Concordia College - Minnesota,
Concordia University,
Concordia University Chicago,
Concordia University Irvine,
Concordia University Texas,
Concordia University Wisconsin,
Connors State College,
Contra Costa College,
Coppin State University,
Corban University,
Cornell College,
Cornell University,
Cornerstone University,
Cossatot Community College,
Cosumnes River College,
County College of Morris,
Covenant College,
Crafton Hills College,
Creighton University,
Cuesta College,
Cuyahoga Community College,
Cypress College,
Daemen College,
Dakota State University,
Dallas County Community College District,
Dalton State College,
Dartmouth College,
Davidson College,
De Anza College,
DePaul University,
DePauw University,
Del Mar College,
Delaware State University,
Delgado Community College,
Denmark Technical College,
Denver Seminary,
Des Moines Area Community College,
Diablo Valley College,
Dickinson College,
Dillard University,
Diné College,
Dodge City Community College,
Dominican University,
Dominican University of California,
Dongguk University Los Angeles,
Donnelly College,
Dordt University,
Dowling College,
Drew University,
Drexel University,
Duke University,
Duquesne University,
Dutchess Community College,
Earlham College,
East Carolina University,
East Central University,
East Georgia State College,
East Los Angeles College,
East Tennessee State University,
East Texas Baptist University,
East West University,
Eastern Arizona College,
Eastern Connecticut State University,
Eastern Florida State College,
Eastern Illinois University,
Eastern Kentucky University,
Eastern Mennonite University,
Eastern Michigan University,
Eastern Nazarene College,
Eastern New Mexico University,
Eastern Oklahoma State College,
Eastern Virginia Medical School,
Eastern Washington University,
Edgecombe Community College,
Edgewood College,
Edinboro University,
Edmonds Community College,
Edward Waters University,
El Camino College,
El Paso Community College,
Elgin Community College,
Elizabeth City State University,
Elmhurst College,
Elon University,
Emmanuel College - Massachusetts,
Emory University,
Emory and Henry College,
Endicott College,
Episcopal Divinity School,
Essex County College,
Estrella Mountain Community College,
Eureka College,
Everett Community College,
Evergreen Valley College,
Fairfield University,
Fairleigh Dickinson University,
Fairmont State University,
Farmingdale State College,
Faulkner University,
Fayetteville State University,
Ferris State University,
Ferrum College,
Finlandia University,
Fisher College,
Fisk University,
Flint Hills Technical College,
Florence–Darlington Technical College,
Florida Agricultural and Mechanical University,
Florida Atlantic University,
Florida Institute of Technology,
Florida International University,
Florida Memorial University,
Florida SouthWestern State College,
Florida Southern College,
Florida State College at Jacksonville,
Florida State University,
Folsom Lake College,
Fond du Lac Tribal and Community College,
Foothill College,
Fordham University,
Forest Institute,
Fort Lewis College,
Fort Peck Community College,
Fort Valley State University,
Fox Valley Technical College,
Francis Marion University,
Franciscan University of Steubenville,
Franklin W. Olin College of Engineering,
Frederick Community College,
Frederick S. Pardee RAND Graduate School,
Freed–Hardeman University,
Fresno City College,
Fresno Pacific University,
Friends University,
Front Range Community College,
Frostburg State University,
Fullerton College,
Gadsden State Community College,
Galveston College,
Garden City Community College,
Gateway Community College,
Gateway Technical College,
Gavilan College,
General Theological Seminary,
George Fox University,
George Mason University,
George Washington University,
Georgetown University,
Georgia College & State University,
Georgia Gwinnett College,
Georgia Institute of Technology,
Georgia Piedmont Technical College,
Georgia Southern University,
Georgia Southwestern State University,
Georgia State University,
Georgian Court University,
Gettysburg College,
Glendale Community College,
Golden West College,
Goldey–Beacom College,
Gonzaga University,
Goshen College,
Governors State University,
Grace Mission University,
Graceland University,
Graduate Theological Union,
Grambling State University,
Grand Rapids Community College,
Grand View University,
Green Mountain College,
Green River Community College,
Greenville College,
Grinnell College,
Grossmont College,
Grove City College,
Guam Community College,
Guilford Technical Community College,
Gustavus Adolphus College,
Hallmark University,
Hamilton College,
Hampton University,
Hannibal–LaGrange University,
Harding University Main Campus,
Hardin–Simmons University,
Harold Washington College,
Harper College,
Harris-Stowe State University,
Harrisburg University of Science and Technology,
Harris–Stowe State University,
Hartnell College,
Harvard University,
Harvey Mudd College,
Haskell Indian Nations University,
Haverford College,
Hawaii Community College,
Hawaii Pacific University,
Heartland Community College,
Hebrew College,
Hebrew Union College - Jewish Institute of Religion,
Hellenic College Holy Cross Greek Orthodox School of Theology,
Henderson State University,
Hendrix College,
Henry Ford College,
Heritage University,
High Point University,
Hillsborough Community College,
Hinds Community College,
Hobart and William Smith Colleges,
Hodges University,
Hofstra University,
Hollins University,
Holmes Community College,
Holy Names University,
Honolulu Community College,
Hope College,
Hope International University,
Hostos Community College,
Houghton University,
Housatonic Community College,
Houston Baptist University,
Houston Community College System,
Howard College,
Howard Community College,
Howard Payne University,
Howard University,
Hudson County Community College,
Humboldt State University,
Humphreys College,
Hunter College,
Huntingdon College,
Huntington University,
Huston-Tillotson University,
Huston–Tillotson University,
Icahn School of Medicine at Mount Sinai,
Idaho State University,
Illinois College,
Illinois Institute of Technology,
Illinois State University,
Illinois Valley Community College,
Illinois Wesleyan University,
Immaculata University,
Imperial Valley College,
Indian River State College,
Indiana Institute of Technology,
Indiana University Bloomington,
Indiana University Northwest,
Indiana University of Pennsylvania,
Indiana University – Purdue University Fort Wayne,
Indiana University – Purdue University Indianapolis,
Indiana Wesleyan University,
Institute of American Indian Arts,
Interdenominational Theological Center,
Iona College,
Iowa State University,
Iowa Wesleyan College,
Irvine Valley College,
J.F. Drake State Community and Technical College,
Jackson State University,
Jacksonville College,
James Madison University,
James Sprunt Community College,
Jamestown Community College,
Jarvis Christian College,
John A. Logan College,
John Brown University,
John Carroll University,
John F. Kennedy University,
John Jay College of Criminal Justice,
John Paul the Great Catholic University,
Johns Hopkins University,
Johnson & Wales University,
Johnson C Smith University,
Johnson C. Smith University,
Johnson University Florida,
Joliet Junior College,
Kalamazoo Valley Community College,
Kansas City Kansas Community College,
Kansas City University,
Kansas State University,
Kapiolani Community College,
Kean University,
Keene State College,
Keiser University,
Kennesaw State University,
Kenrick–Glennon Seminary,
Kent State University,
Kent State University at Stark,
Kentucky State University,
Kentucky Wesleyan College,
Kenyon College,
Keweenaw Bay Ojibwa Community College,
King University,
King's College - North Carolina,
Kingsborough Community College,
Kirkwood Community College,
Kishwaukee College,
LIM College,
La Sierra University,
LaGuardia Community College,
Lac Courte Oreilles Ojibwa Community College,
Lafayette College,
Lake Erie College,
Lake Erie College of Osteopathic Medicine,
Lake Forest College,
Lake Superior State University,
Lake Tahoe Community College,
Lake Washington Institute of Technology,
Lake–Sumter State College,
Lamar State College–Port Arthur,
Lamar University,
Lander University,
Lane College,
Lane Community College,
Laney College,
Langston University,
Lanier Technical College,
Lansing Community College,
Laredo Community College,
Las Positas College,
Lasell College,
Lawrence University,
Lawson State Community College,
Le Moyne College,
LeTourneau University,
Lebanon Valley College,
Lee College,
Lee University,
Leech Lake Tribal College,
Lees McRae College,
Leeward Community College,
Lehigh Carbon Community College,
Lehigh University,
Lehman College,
Lenoir–Rhyne University,
Lewis Clark State College,
Lewis University,
Lexington Theological Seminary,
Life Pacific College,
Limestone College,
Lincoln Land Community College,
Lincoln Memorial University,
Lincoln University,
Lincoln University - Missouri,
Lipscomb University,
Little Big Horn College,
Little Priest Tribal College,
Livingstone College,
Logan University,
Loma Linda University,
Lone Star College,
Long Beach City College,
Long Island University,
Longwood University,
Lorain County Community College,
Loras College,
Los Angeles City College,
Los Angeles Harbor College,
Los Angeles Mission College,
Los Angeles Pierce College,
Los Angeles Southwest College,
Los Angeles Trade Technical College,
Los Angeles Valley College,
Los Medanos College,
Louisiana State University,
Louisiana State University Health Sciences Center New Orleans,
Louisiana State University of Alexandria,
Louisiana Tech University,
Loyola Marymount University,
Loyola University Chicago,
Loyola University Maryland,
Loyola University New Orleans,
Lyndon State College,
Lynn University,
Lyon College,
MCPHS University,
MGH Institute of Health Professions,
Macmurray College,
Madison Area Technical College,
Madonna University,
Maharishi International University,
Manhattan College,
Manhattanville College,
Mansfield University,
Marquette University,
Marshall B. Ketchum University,
Marshall University,
Marshalltown Community College,
Mary Baldwin College,
Marygrove College,
Maryland Institute College of Art,
Maryville College,
Maryville University,
Massachusetts Institute of Technology,
Master's College,
McCormick Theological Seminary,
McDaniel College,
McKendree University,
McLennan Community College,
McMurry University,
McNeese State University,
McPherson College,
Medgar Evers College,
Medical College of Wisconsin,
Medical University of South Carolina,
Meharry Medical College,
Memphis Theological Seminary,
Mendocino College,
Menlo College,
Merced College,
Mercer County Community College,
Mercer University,
Mercy University,
Mercyhurst University,
Meridian Community College,
Merritt College,
Mesa Community College,
Mesalands Community College,
Messiah College,
Metropolitan College of New York,
Metropolitan State University of Denver,
Miami Dade College,
Miami University,
Michigan School of Professional Psychology,
Michigan State University,
Michigan Technological University,
Middle Tennessee State University,
Middlebury College,
Middlesex Community College,
Middlesex County College,
Midland College,
Midlands Technical College,
Midway University,
Midwestern State University,
Midwestern University,
Miles College,
Millersville University,
Millikin University,
Millsaps College,
Minnesota State University Moorhead,
MiraCosta College,
Mission College,
Mississippi Delta Community College,
Mississippi State University,
Mississippi Valley State University,
Missouri Southern State University,
Missouri State University,
Missouri University of Science and Technology,
Missouri Valley College,
Mitchell College,
Modesto Junior College,
Mohave Community College,
Mohawk Valley Community College,
Molloy College,
Monmouth College,
Monmouth University,
Monroe College,
Montana State University,
Montana State University Billings,
Montana State University–Northern,
Montana Technological University,
Montclair State University,
Monterey Peninsula College,
Montgomery College,
Moore College of Art and Design,
Moorpark College,
Moraine Valley Community College,
Morehouse College,
Morehouse School of Medicine,
Moreno Valley College,
Morgan Community College,
Morgan State University,
Morris Brown College,
Morris College,
Morton College,
Mount Aloysius College,
Mount Holyoke College,
Mount Ida College,
Mount Marty College,
Mount Mary University,
Mount Mercy University,
Mount Saint Mary College,
Mount St. Joseph University,
Mount Vernon Nazarene University,
Mt. Hood Community College,
Mt. San Antonio College,
Mt. San Jacinto College,
Murray State College,
Murray State University,
Muskingum University,
Napa Valley College,
Nassau Community College,
National Louis University,
National University of Health Sciences,
National University of Natural Medicine,
National University of Singapore,
Naugatuck Valley Community College,
Navajo Technical University,
Nebraska Indian Community College,
Nelson University,
Neumann University,
Neumont University,
Nevada State University,
New Brunswick Theological Seminary,
New England College,
New Hope Christian College,
New Jersey City University,
New Jersey Institute of Technology,
New Mexico Highlands University,
New Mexico Institute of Mining and Technology,
New Mexico State University,
New Mexico State University Alamogordo,
New Mexico State University Grants,
New School,
New York City College of Technology,
New York College of Podiatric Medicine,
New York Institute of Technology,
New York Law School,
New York Medical College,
New York University,
Newberry College,
Newman University,
Niagara County Community College,
Niagara University,
Norco College,
Norfolk State University,
Normandale Community College,
North Carolina Agricultural and Technical State University,
North Carolina Central University,
North Carolina State University,
North Carolina Wesleyan College,
North Central Texas College,
North Country Community College,
North Dakota State University,
North Greenville University,
North Orange County Community College District,
North Park University,
North Seattle College,
North Shore Community College,
Northampton Community College,
Northcentral University,
Northeast Lakeview College,
Northeast Texas Community College,
Northeastern Illinois University,
Northeastern Oklahoma A&M College,
Northeastern State University,
Northeastern Technical College,
Northeastern University,
Northern Arizona University,
Northern Essex Community College,
Northern Illinois University,
Northern Kentucky University,
Northern Marianas College,
Northern Michigan University,
Northern New Mexico College,
Northern Oklahoma College,
Northern Virginia Community College,
Northland Pioneer College,
Northwest Indian College,
Northwest Missouri State University,
Northwest Vista College,
Northwestern Health Sciences University,
Northwestern State University,
Northwestern University,
Norwalk Community College,
Norwich University,
Notre Dame College,
Notre Dame de Namur University,
Notre Dame of Maryland University,
Nova Southeastern University,
Nueta Hidatsa Sahnish College,
Nunez Community College,
Nyack College,
Oakland Community College,
Oakland University,
Oakton Community College,
Oakwood University,
Oconee Fall Line Technical College,
Odessa College,
Oglala Lakota College,
Oglethorpe University,
Ohio Dominican University,
Ohio Northern University,
Ohio University,
Ohio University Chillicothe,
Ohlone College,
Oklahoma Baptist University,
Oklahoma Panhandle State University,
Oklahoma State University,
Oklahoma State University Center for Health Sciences,
Oklahoma State University Institute of Technology,
Oklahoma Wesleyan University,
Old Dominion University,
Olivet College,
Olivet Nazarene University,
Oral Roberts University,
Orange Coast College,
Orangeburg–Calhoun Technical College,
Oregon Health & Science University,
Oregon Institute of Technology,
Oregon State University,
Otero Junior College,
Otterbein University,
Our Lady of the Lake University,
Oxnard College,
Pace University,
Pacific College of Oriental Medicine,
Pacific Lutheran University,
Pacific Oaks College,
Pacific School of Religion,
Pacific Union College,
Pacific University,
Pacific University Oregon,
Pacifica Graduate Institute,
Paine College,
Palau Community College,
Palm Beach State College,
Palmer College of Chiropractic,
Palo Alto College,
Palo Alto University,
Palo Verde College,
Palomar College,
Pasadena City College,
Passaic County Community College,
Patrick Henry College,
Patrick Henry Community College,
Paul Quinn College,
Peirce College,
Peninsula College,
Pennsylvania State University,
Pepperdine University,
Peru State College,
Pfeiffer University,
Philadelphia College of Osteopathic Medicine,
Philander Smith College,
Phillips Theological Seminary,
Phoenix College,
Piedmont College,
Piedmont Virginia Community College,
Pillar College,
Pima Community College,
Pittsburgh Theological Seminary,
Pitzer College,
Polk State College,
Polytechnic University of Puerto Rico,
Polytechnic University of Puerto Rico Orlando,
Pomona College,
Ponce Health Sciences University,
Pontifical Catholic University of Puerto Rico,
Porterville College,
Portland Community College,
Portland State University,
Prairie State College,
Prairie View A&M University,
Presbyterian College,
Prince George's Community College,
Princeton Theological Seminary,
Princeton University,
Principia College,
Providence Christian College,
Providence College,
Pueblo Community College,
Purchase College,
Purdue University,
Purdue University Northwest,
Purdue University West Lafayette,
Quincy College,
Quinsigamond Community College,
Ramapo College,
Randolph College,
Randolph–Macon College,
Ranger College,
Raritan Valley Community College,
Reading Area Community College,
Reconstructionist Rabbinical College,
Redlands Community College,
Reedley College,
Regent University,
Regis College,
Regis University,
Rensselaer Polytechnic Institute,
Renton Technical College,
Rhode Island College,
Rhode Island School of Design,
Rhodes College,
Rice University,
Richard J. Daley College,
Richland College,
Rider University,
Rio Hondo College,
Rio Salado College,
Riverside City College,
Rivier University,
Robert Morris University,
Robert Morris University Illinois,
Robeson Community College,
Rochester Institute of Technology,
Rockefeller University,
Rockford University,
Rockhurst University,
Rockland Community College,
Rogers State University,
Roosevelt University,
Rosalind Franklin University of Medicine and Science,
Rosemont College,
Rose–Hulman Institute of Technology,
Rowan College at Burlington County,
Rowan University,
Roxbury Community College,
Royal Military College of Canada,
Rush University Medical Center,
Rust College,
SUNY Canton,
SUNY College of Environmental Science and Forestry,
SUNY Corning Community College,
SUNY Delhi,
SUNY Downstate Health Sciences University,
SUNY Erie,
SUNY New Paltz,
SUNY Old Westbury,
SUNY Oneonta,
SUNY Schenectady County Community College,
SUNY Upstate Medical University,
SUNY Westchester Community College,
Sacramento City College,
Sacred Heart University,
Saddleback College,
Saginaw Chippewa Tribal College,
Saint Augustine's University,
Saint Francis University,
Saint Joseph's College,
Saint Joseph's University,
Saint Leo University,
Saint Louis University,
Saint Martin's University,
Saint Mary's College of California,
Saint Mary-of-the-Woods College,
Saint Meinrad Seminary and School of Theology,
Saint Paul College,
Saint Peter's University,
Saint Peter's University Hospital,
Saint Vincent College,
Saint Xavier University,
Salish Kootenai College,
Salt Lake Community College,
Salus University,
Sam Houston State University,
Samuel Merritt University,
San Antonio College,
San Bernardino Valley College,
San Diego Mesa College,
San Diego Miramar College,
San Diego State University,
San Francisco Art Institute,
San Francisco State University,
San Francisco Theological Seminary,
San Joaquin Delta College,
San Jose City College,
San Jose State University,
San Juan Bautista School of Medicine,
San Juan College,
Sanford Burnham Prebys Medical Discovery Institute,
Santa Ana College,
Santa Barbara City College,
Santa Clara University,
Santa Fe Community College,
Santa Monica College,
Santa Rosa Junior College,
Santiago Canyon College,
Savannah College of Art and Design,
Savannah State University,
Savannah Technical College,
Schiller International University,
School of the Art Institute of Chicago,
Schreiner University,
Scottsdale Community College,
Scripps College,
Seattle Central College,
Seattle Pacific University,
Seattle University,
Seminole State College of Florida,
Seton Hall University,
Sewanee: The University of the South,
Seward County Community College,
Shaw University,
Shawnee State University,
Shelton State Community College,
Shenandoah University,
Shepherd University,
Shippensburg University,
Shoreline Community College,
Shorter College,
Shorter University,
Simmons College of Kentucky,
Simpson College,
Simpson University,
Sinte Gleska University,
Sisseton Wahpeton College,
Sitting Bull College,
Skagit Valley College,
Slippery Rock University,
Smith College,
Snow College,
Solano Community College,
Sonoma State University,
South Carolina State University,
South Dakota School of Mines and Technology,
South Dakota State University,
South Florida State College,
South Georgia State College,
South Georgia Technical College,
South Mountain Community College,
South Plains College,
South Puget Sound Community College,
South Seattle College,
South Suburban College,
South Texas College,
Southeast Arkansas College,
Southeast Missouri State University,
Southeastern Baptist Theological Seminary,
Southeastern Community College - Iowa,
Southeastern Louisiana University,
Southeastern Oklahoma State University,
Southeastern University,
Southern Adventist University,
Southern Arkansas University,
Southern California Institute of Architecture,
Southern California University of Health Sciences,
Southern Connecticut State University,
Southern Crescent Technical College,
Southern Illinois University Carbondale,
Southern Methodist University,
Southern Nazarene University,
Southern University and Agricultural and Mechanical College,
Southern University at New Orleans,
Southern University at Shreveport,
Southern Utah University,
Southern Virginia University,
Southwest Mississippi Community College,
Southwest Tennessee Community College,
Southwest Texas Junior College,
Southwest University of Visual Arts,
Southwest Virginia Community College,
Southwestern Adventist University,
Southwestern Christian College,
Southwestern College - California,
Southwestern Indian Polytechnic Institute,
Spelman College,
Spokane Falls Community College,
Spring Arbor University,
Springfield Technical Community College,
St Philip's College,
St. Andrews University,
St. Augustine College,
St. Bonaventure University,
St. Catherine University,
St. Cloud State University,
St. Francis College,
St. Gregory's University,
St. John's University,
St. Lawrence University,
St. Norbert College,
St. Thomas Aquinas College,
St. Thomas University,
Stanford University,
Stephen F. Austin State University,
Stevens Institute of Technology,
Stevenson University,
Stillman College,
Stony Brook University,
Suffolk County Community College,
Sul Ross State University,
Sullivan University,
Susquehanna University,
Swarthmore College,
Syracuse University,
Taft College,
Talladega College,
Tallahassee Community College,
Tarleton State University,
Tarrant County College,
Temple College,
Temple University,
Tennessee State University,
Tennessee Technological University,
Tennessee Wesleyan College,
Texas A&M International University,
Texas A&M University,
Texas A&M University – Central Texas,
Texas A&M University – Commerce,
Texas A&M University – Corpus Christi,
Texas A&M University – Kingsville,
Texas A&M University – San Antonio,
Texas Chiropractic College,
Texas Christian University,
Texas College,
Texas Lutheran University,
Texas Southern University,
Texas Southmost College,
Texas State Technical College Harlingen,
Texas State University,
Texas Tech University,
Texas Tech University Health Sciences Center,
Texas Wesleyan University,
Texas Woman's University,
The Chicago School of Professional Psychology,
The King's College,
The Ohio State University,
The University of Texas Health Science Center at Houston,
The University of Texas Health Science Center at San Antonio,
The University of Texas MD Anderson Cancer Center,
The University of Texas Medical Branch at Galveston,
The University of Texas Rio Grande Valley,
The University of Texas Southwestern Medical Center,
The University of Texas at Arlington,
The University of Texas at Austin,
The University of Texas at Dallas,
The University of Texas at El Paso,
The University of Texas at San Antonio,
The University of Texas at Tyler,
The University of Texas of the Permian Basin,
Thiel College,
Thomas Edison State University,
Thomas Jefferson School of Law,
Thomas Jefferson University,
Thomas More University,
Thomas Nelson Community College,
Tiffin University,
Toccoa Falls College,
Tohono O'odham Community College,
Tompkins Cortland Community College,
Tougaloo College,
Touro College,
Toyota Technological Institute at Chicago,
Trenholm State Community College,
Trine University,
Trinidad State Junior College,
Trinity Christian College,
Trinity International University,
Trinity Washington University,
Triton College,
Troy University,
Truckee Meadows Community College,
Truman State University,
Tufts University,
Tulane University,
Turtle Mountain Community College,
Tusculum College,
Tuskegee University,
Tyler Junior College,
Union College,
Union County College,
Union Institute & University,
Union Presbyterian Seminary,
Union University,
United States Coast Guard Academy,
United States Merchant Marine Academy,
United States Military Academy,
United States Naval Academy,
United Tribes Technical College,
Universidad Del Este,
University System of Maryland,
University at Buffalo,
University at Buffalo, State University of New York,
University of Advancing Technology,
University of Akron,
University of Alabama,
University of Alabama at Birmingham,
University of Alabama in Huntsville,
University of Alaska Anchorage,
University of Alaska Fairbanks,
University of Alaska Southeast,
University of Arizona,
University of Arkansas at Fayetteville,
University of Arkansas at Little Rock,
University of Arkansas at Monticello,
University of Arkansas at Pine Bluff,
University of Arkansas for Medical Sciences,
University of Arkansas – Fort Smith,
University of Baltimore,
University of Bridgeport,
University of California, San Francisco,
University of Central Florida,
University of Central Oklahoma,
University of Chicago,
University of Cincinnati,
University of Colorado Boulder,
University of Colorado Cancer Center,
University of Colorado Colorado Springs,
University of Connecticut,
University of Dallas,
University of Dayton,
University of Delaware,
University of Denver,
University of Dubuque,
University of Eastern Finland,
University of Evansville,
University of Findlay,
University of Florida,
University of Georgia,
University of Guam,
University of Hartford,
University of Hawaii Maui College,
University of Hawaii at Hilo,
University of Hawaii–West Oahu,
University of Hawaiʻi at Mānoa,
University of Health Sciences and Pharmacy,
University of Holy Cross,
University of Houston,
University of Houston - Clear Lake,
University of Houston - Downtown,
University of Houston - Victoria,
University of Idaho,
University of Illinois Chicago,
University of Illinois Urbana-Champaign,
University of Indianapolis,
University of Iowa,
University of Kansas,
University of Kentucky,
University of La Verne,
University of Louisiana at Lafayette,
University of Louisville,
University of Maine,
University of Maine at Farmington,
University of Maine at Machias,
University of Maine at Presque Isle,
University of Mary,
University of Mary Hardin–Baylor,
University of Mary Washington,
University of Maryland Eastern Shore,
University of Massachusetts Amherst,
University of Massachusetts Boston,
University of Massachusetts Chan Medical School,
University of Massachusetts Dartmouth,
University of Massachusetts Lowell,
University of Memphis,
University of Miami,
University of Michigan–Ann Arbor,
University of Michigan–Dearborn,
University of Minnesota,
University of Minnesota Morris,
University of Mississippi,
University of Missouri,
University of Missouri–Kansas City,
University of Missouri–St. Louis,
University of Mobile,
University of Mount Union,
University of Nebraska Medical Center,
University of Nebraska at Omaha,
University of Nebraska–Lincoln,
University of New England,
University of New Hampshire,
University of New Hampshire at Manchester,
University of New Mexico,
University of New Mexico Hospital,
University of New Orleans,
University of North Alabama,
University of North Carolina Wilmington,
University of North Carolina at Chapel Hill,
University of North Carolina at Charlotte,
University of North Carolina at Greensboro,
University of North Carolina at Pembroke,
University of North Carolina chapel Hill,
University of North Dakota,
University of North Florida,
University of North Texas,
University of North Texas Health Science Center,
University of North Texas at Dallas,
University of Northern Colorado,
University of Northern Iowa,
University of Notre Dame,
University of Oklahoma,
University of Oklahoma Health Sciences Center,
University of Oregon,
University of Pennsylvania,
University of Phoenix,
University of Pikeville,
University of Pittsburgh,
University of Providence,
University of Puerto Rico System,
University of Puerto Rico at Aguadilla,
University of Puerto Rico at Arecibo,
University of Puerto Rico at Carolina,
University of Puerto Rico at Cayey,
University of Puerto Rico at Humacao,
University of Puerto Rico at Ponce,
University of Puerto Rico at Río Piedras,
University of Puerto Rico at Utuado,
University of Puerto Rico-Mayaguez,
University of Puget Sound,
University of Redlands,
University of Rhode Island,
University of Richmond,
University of Rochester,
University of Saint Joseph,
University of Saint Katherine,
University of Saint Mary of the Lake,
University of San Diego,
University of Science and Arts of Oklahoma,
University of Scranton,
University of South Alabama,
University of South Carolina,
University of South Carolina Salkehatchie,
University of South Carolina Upstate,
University of South Dakota,
University of South Florida,
University of Southern California,
University of Southern Indiana,
University of Southern Mississippi,
University of St Andrews,
University of St. Francis,
University of St. Thomas - Minnesota,
University of St. Thomas - Texas,
University of Tennessee Health Science Center,
University of Tennessee at Chattanooga,
University of Tennessee at Knoxville,
University of Tennessee at Martin,
University of Texas, Arlington,
University of The Sacred Heart,
University of Toledo,
University of Tulsa,
University of Utah,
University of Valley Forge,
University of Vermont,
University of Victoria,
University of Virginia,
University of Washington,
University of West Alabama,
University of West Florida,
University of Wisconsin–Eau Claire,
University of Wisconsin–Green Bay,
University of Wisconsin–Madison,
University of Wisconsin–Milwaukee,
University of Wisconsin–Parkside,
University of Wisconsin–Platteville,
University of Wisconsin–River Falls,
University of Wisconsin–Stevens Point,
University of Wisconsin–Stout,
University of Wisconsin–Whitewater,
University of Wyoming,
University of the District of Columbia,
University of the Incarnate Word,
University of the Pacific,
University of the Sciences,
University of the South Pacific - Solomon Islands Campus,
University of the Southwest,
University of the Virgin Islands,
University of the West,
Urban College of Boston,
Urbana University,
Ursinus College,
Utah State University,
Utah Valley University,
Utica College,
Valdosta State University,
Valencia College,
Valparaiso University,
VanderCook College of Music,
Vanderbilt University,
Vanguard University,
Vassar College,
Vaughn College of Aeronautics and Technology,
Ventura College,
Vernon College,
Victor Valley College,
Villanova University,
Vincennes University,
Virginia Commonwealth University,
Virginia Military Institute,
Virginia State University,
Virginia Tech,
Virginia Union University,
Virginia University of Lynchburg,
Virginia Wesleyan College,
Virginia Western Community College,
Viterbo University,
Voorhees College,
Wake Forest University,
Walla Walla Community College,
Walla Walla University,
Wallace Community College,
Walsh University,
Warner Pacific College,
Warren Wilson College,
Washburn University,
Washington State University,
Washington University in St. Louis,
Washington and Lee University,
Washtenaw Community College,
Waubonsee Community College,
Wayland Baptist University,
Wayne County Community College District,
Wayne State College,
Wayne State University,
Weber State University,
Weill Cornell Medicine,
Wellesley College,
Wells College,
Wenatchee Valley College,
Wentworth Institute of Technology,
Wesley Theological Seminary,
Wesleyan College,
Wesleyan University,
West Chester University,
West Hills Community College District,
West Los Angeles College,
West Texas A&M University,
West Valley College,
West Virginia School of Osteopathic Medicine,
West Virginia State University,
West Virginia University,
West Virginia University Institute of Technology,
Western Carolina University,
Western Colorado University,
Western Connecticut State University,
Western Governors University,
Western Illinois University,
Western Michigan University,
Western Nevada College,
Western New England University,
Western New Mexico University,
Western Seminary,
Western Texas College,
Western Theological Seminary,
Westminster Theological Seminary,
Westminster University,
Wharton County Junior College,
Wheeling Jesuit University,
White Earth Tribal and Community College,
Whitman College,
Whittier College,
Whitworth University,
Wichita State University,
Widener University,
Wilberforce University,
Wiley College,
Wilkes University,
Willamette University,
William & Mary,
William Carey University,
William James College,
William Paterson University,
Wilmington College,
Windward Community College,
Wingate University,
Winston-Salem State University,
Winthrop University,
Wiregrass Georgia Technical College,
Wisconsin Lutheran College,
Wisconsin School of Professional Psychology,
Wittenberg University,
Wofford College,
Woodbury University,
Worcester Polytechnic Institute,
World Mission University,
Wright State University,
Xavier University,
Xavier University of Louisiana,
Yakima Valley Community College,
Yale University,
Yavapai College,
Yeshiva University,
Youngstown State University,
Yuba College,